group,image_idx,true_k,centroid_k,top1_class_idx,top1_k,top1_prob
k_3,0,3,3.129713060665381,1,4,0.5456197261810303
k_3,1,3,3.934660995122613,1,4,0.9041585922241211
k_3,2,3,2.5661520015710266,0,2,0.7273269891738892
k_3,3,3,3.523872071338701,1,4,0.7364243865013123
k_3,4,3,2.1729665121183643,0,2,0.9156404733657837
k_3,5,3,2.324004247211633,0,2,0.8411276340484619
k_3,6,3,2.418839246067364,0,2,0.7943973541259766
k_3,7,3,3.1274950343649834,1,4,0.5450495481491089
k_3,8,3,2.2870358928230416,0,2,0.859673261642456
k_3,9,3,3.197603996261023,1,4,0.5449749827384949
k_3,10,3,2.40169479436463,0,2,0.8014085292816162
k_3,11,3,2.1606879625114743,0,2,0.920509397983551
k_3,12,3,2.8999142220454814,0,2,0.5579455494880676
k_3,13,3,3.3827687451357633,1,4,0.6666844487190247
k_3,14,3,2.4896872657027416,0,2,0.7593515515327454
k_3,15,3,3.264239186908526,1,4,0.6026057600975037
k_3,16,3,3.3607683595837443,1,4,0.6400367021560669
k_3,17,3,2.867055438742682,0,2,0.573135495185852
k_3,18,3,2.5315773785659985,0,2,0.7396313548088074
k_3,19,3,2.055613539528963,0,2,0.9723402261734009
k_3,20,3,3.9582481598554295,1,4,0.8823837041854858
k_3,21,3,2.3369423159965663,0,2,0.835151731967926
k_3,22,3,2.835431308762054,0,2,0.5913402438163757
k_3,23,3,2.821161069037771,0,2,0.5960764288902283
k_3,24,3,3.9720755253256357,1,4,0.9295796751976013
k_3,25,3,3.412870990781812,1,4,0.645651638507843
k_3,26,3,2.805231527359865,0,2,0.6073476672172546
k_3,27,3,2.3509449595348997,0,2,0.8262066841125488
k_3,28,3,3.2992816848200164,1,4,0.6323896646499634
k_3,29,3,2.659346376734902,0,2,0.6760523319244385
k_3,30,3,3.1263616494688904,1,4,0.5410060286521912
k_3,31,3,3.2035656970838318,1,4,0.5744616389274597
k_3,32,3,2.419597519529816,0,2,0.7923927903175354
k_3,33,3,2.1891105317276924,0,2,0.9064237475395203
k_3,34,3,3.554381867768825,1,4,0.7309844493865967
k_3,35,3,3.0161426063605177,0,2,0.4993506669998169
k_3,36,3,2.2278858090726317,0,2,0.8871923089027405
k_3,37,3,3.5055257706553675,1,4,0.6843386292457581
k_3,38,3,3.0402874492119736,1,4,0.5100418329238892
k_3,39,3,3.3512732544077153,1,4,0.6520382761955261
k_3,40,3,2.385346444672905,0,2,0.8106781244277954
k_3,41,3,2.790152343670343,0,2,0.6146561503410339
k_3,42,3,2.224261619649951,0,2,0.8893831968307495
k_3,43,3,2.831564330866968,0,2,0.5959672331809998
k_3,44,3,2.2923509491110963,0,2,0.8554020524024963
k_3,45,3,3.2639287223282736,1,4,0.6013771295547485
k_3,46,3,3.2709929646334786,1,4,0.6110872030258179
k_3,47,3,3.08984269049688,1,4,0.5196622610092163
k_3,48,3,3.6380172944627702,1,4,0.7692789435386658
k_3,49,3,2.466589562489389,0,2,0.771282970905304
k_3,50,3,3.587451551145932,1,4,0.7456244230270386
k_3,51,3,2.9036172572668875,0,2,0.5589901804924011
k_3,52,3,4.123527280507915,1,4,0.9263663291931152
k_3,53,3,2.307815499450953,0,2,0.8495633006095886
k_3,54,3,4.032052308957873,1,4,0.9540116190910339
k_3,55,3,2.6260298649358447,0,2,0.692616879940033
k_3,56,3,3.1481246208750235,1,4,0.5605061054229736
k_3,57,3,3.2965581743919756,1,4,0.6105018854141235
k_3,58,3,4.117951462186284,1,4,0.9506906270980835
k_3,59,3,3.6438698811070935,1,4,0.7818202376365662
k_3,60,3,2.3846610244868316,0,2,0.8092213273048401
k_3,61,3,2.5501653316041484,0,2,0.7295029759407043
k_3,62,3,3.531636170551792,1,4,0.728225827217102
k_3,63,3,3.28929590464395,1,4,0.6075923442840576
k_3,64,3,4.142402928722731,1,4,0.9180538654327393
k_3,65,3,3.117366973856406,1,4,0.5357624888420105
k_3,66,3,3.308912933116517,1,4,0.6326923966407776
k_3,67,3,2.0846781641612324,0,2,0.958782434463501
k_3,68,3,3.187388314632699,1,4,0.5628181099891663
k_3,69,3,2.621893964103947,0,2,0.6952664852142334
k_3,70,3,3.902391059011279,1,4,0.8711382150650024
k_3,71,3,3.524729161983487,1,4,0.738209068775177
k_3,72,3,2.802344112566061,0,2,0.6088871955871582
k_3,73,3,2.7440211435605306,0,2,0.6397254467010498
k_3,74,3,2.4855439069206113,0,2,0.7600868344306946
k_3,75,3,3.875427316139394,1,4,0.8712700009346008
k_3,76,3,4.131709771932947,1,4,0.9461429119110107
k_3,77,3,2.577565676001541,0,2,0.7156215906143188
k_3,78,3,4.008646111509734,1,4,0.9275617003440857
k_3,79,3,3.462347063177731,1,4,0.695914626121521
k_3,80,3,2.7377699272328755,0,2,0.6371162533760071
k_3,81,3,2.6416463255845883,0,2,0.68642258644104
k_3,82,3,2.3199733705505423,0,2,0.8422120213508606
k_3,83,3,3.81897988543642,1,4,0.8400934934616089
k_3,84,3,2.7224512758339188,0,2,0.6428074836730957
k_3,85,3,2.6611833899041812,0,2,0.6730772256851196
k_3,86,3,3.5311674384429352,1,4,0.7328169345855713
k_3,87,3,2.4633220734667702,0,2,0.7720980048179626
k_3,88,3,3.5670766684779665,1,4,0.7390227317810059
k_3,89,3,2.978503874179296,0,2,0.5229433178901672
k_3,90,3,2.605679509746551,0,2,0.7060099244117737
k_3,91,3,3.2184147617499548,1,4,0.5891561508178711
k_3,92,3,3.745567472782568,1,4,0.8071011900901794
k_3,93,3,3.66544254188193,1,4,0.7930018305778503
k_3,94,3,3.723931980341149,1,4,0.805173397064209
k_3,95,3,3.3759762084082467,1,4,0.6584458947181702
k_3,96,3,3.089335349650355,1,4,0.5315139293670654
k_3,97,3,2.1328979259201333,0,2,0.9343650937080383
k_3,98,3,2.38233723763733,0,2,0.8112920522689819
k_3,99,3,2.4462250954547926,0,2,0.7795591354370117
k_3,100,3,3.612694608666061,1,4,0.7685782313346863
k_3,101,3,2.4747121870204865,0,2,0.7680709362030029
k_3,102,3,3.1851622765434513,1,4,0.579243540763855
k_3,103,3,2.9197849223019148,0,2,0.550753653049469
k_3,104,3,2.234545703890035,0,2,0.8845510482788086
k_3,105,3,2.3473420883747167,0,2,0.8289337158203125
k_3,106,3,3.26810931098953,1,4,0.6124234795570374
k_3,107,3,2.6154318567714654,0,2,0.7020461559295654
k_3,108,3,2.4020392096626892,0,2,0.8012375831604004
k_3,109,3,2.162000458093871,0,2,0.919410765171051
k_3,110,3,2.5388189851328207,0,2,0.736275315284729
k_3,111,3,2.0403959886314738,0,2,0.9798881411552429
k_3,112,3,2.543145911812644,0,2,0.7319592833518982
k_3,113,3,2.2119933168887655,0,2,0.8948544263839722
k_3,114,3,2.9794209623032657,0,2,0.5214468836784363
k_3,115,3,2.472191594220476,0,2,0.7659830451011658
k_3,116,3,3.131191254207806,1,4,0.5379815697669983
k_3,117,3,3.607825225124543,1,4,0.7636860609054565
k_3,118,3,3.656374032390886,1,4,0.7846412658691406
k_3,119,3,4.008730455028854,1,4,0.9070464968681335
k_3,120,3,3.9234946412734644,1,4,0.9119598865509033
k_3,121,3,2.6967517570701602,0,2,0.6569628715515137
k_3,122,3,3.0830584233062837,1,4,0.5248162746429443
k_3,123,3,2.696208122333701,0,2,0.6568682789802551
k_3,124,3,2.9179813805094454,0,2,0.5589884519577026
k_3,125,3,3.1449643671512604,1,4,0.547467052936554
k_3,126,3,2.310467716462881,0,2,0.8474482297897339
k_3,127,3,3.8764408968636417,1,4,0.8644188642501831
k_3,128,3,3.924662158729916,1,4,0.8930861353874207
k_3,129,3,4.062386430647166,1,4,0.9329143166542053
k_3,130,3,3.585213185955581,1,4,0.763136088848114
k_3,131,3,4.097810766561452,1,4,0.9382706880569458
k_3,132,3,2.6783500872079458,0,2,0.6694481372833252
k_3,133,3,4.043219345021498,1,4,0.9331835508346558
k_3,134,3,3.145008748420878,1,4,0.5567139387130737
k_3,135,3,3.5922225199101376,1,4,0.7491500377655029
k_3,136,3,2.4331716911801777,0,2,0.7879046201705933
k_3,137,3,3.7305831326302723,1,4,0.8084552884101868
k_3,138,3,2.15610582635054,0,2,0.9244014024734497
k_3,139,3,2.6510288803710864,0,2,0.6793546080589294
k_3,140,3,4.0685262260594754,1,4,0.9193544387817383
k_3,141,3,3.5683868235209957,1,4,0.7571826577186584
k_3,142,3,2.508145268760927,0,2,0.750076174736023
k_3,143,3,3.924517696743351,1,4,0.9018446207046509
k_3,144,3,2.9165019826759817,0,2,0.5591839551925659
k_3,145,3,2.5848265012318734,0,2,0.7150052785873413
k_3,146,3,2.1801063662169327,0,2,0.9109889268875122
k_3,147,3,2.2423951883995414,0,2,0.8795802593231201
k_3,148,3,2.30093366366782,0,2,0.8519801497459412
k_3,149,3,3.9802769497055124,1,4,0.9113351106643677
k_3,150,3,2.5106656815660244,0,2,0.7511113882064819
k_3,151,3,3.902500024640176,1,4,0.8853529691696167
k_3,152,3,3.1146843093993084,1,4,0.5391331911087036
k_3,153,3,3.528279520308388,1,4,0.7421022653579712
k_3,154,3,2.7259238026163075,0,2,0.6451478004455566
k_3,155,3,2.0370144621826967,0,2,0.9816526770591736
k_3,156,3,2.3814352589761256,0,2,0.8132989406585693
k_3,157,3,2.634296887261371,0,2,0.6876060366630554
k_3,158,3,3.725759293731244,1,4,0.8230767846107483
k_3,159,3,2.2001377914316436,0,2,0.9005696177482605
k_3,160,3,2.35009455573163,0,2,0.8302996754646301
k_3,161,3,2.092531313184736,0,2,0.9547064304351807
k_3,162,3,2.2168667203932273,0,2,0.893738329410553
k_3,163,3,2.251962054850992,0,2,0.8758928775787354
k_3,164,3,3.68448695394909,1,4,0.789864182472229
k_3,165,3,4.179935874804869,1,4,0.9255272746086121
k_3,166,3,3.2376328938480583,1,4,0.5967838764190674
k_3,167,3,3.3886951410531765,1,4,0.670659601688385
k_3,168,3,3.294034358485078,1,4,0.6186087131500244
k_3,169,3,3.4508612010067736,1,4,0.6910004615783691
k_3,170,3,2.5148334877630987,0,2,0.7476842403411865
k_3,171,3,2.4691057958589226,0,2,0.7694589495658875
k_3,172,3,3.780785823597398,1,4,0.8440291285514832
k_3,173,3,3.5809201929951087,1,4,0.7247545123100281
k_3,174,3,3.4007745844737656,1,4,0.6780089139938354
k_3,175,3,2.4862893284484926,0,2,0.7587737441062927
k_3,176,3,2.3981182415991498,0,2,0.8052325248718262
k_3,177,3,2.8806187204099842,0,2,0.5719412565231323
k_3,178,3,3.295316020397877,1,4,0.6204084157943726
k_3,179,3,2.2980511820896936,0,2,0.8530346155166626
k_3,180,3,2.411008137758472,0,2,0.7979093790054321
k_3,181,3,2.1903791105652317,0,2,0.9053242206573486
k_3,182,3,3.4045773010748235,1,4,0.6769638657569885
k_3,183,3,2.4862606568131014,0,2,0.7602478265762329
k_3,184,3,3.003280391691078,0,2,0.5120028257369995
k_3,185,3,2.9521827116259374,0,2,0.5336790084838867
k_3,186,3,3.214128902327502,1,4,0.5824915170669556
k_3,187,3,3.9828945433691842,1,4,0.8986753821372986
k_3,188,3,3.911648993705967,1,4,0.9122523069381714
k_3,189,3,3.0621881604747614,1,4,0.5071211457252502
k_3,190,3,3.049117553033284,0,2,0.5007731318473816
k_3,191,3,3.681024558783065,1,4,0.8138740062713623
k_3,192,3,2.9488409843906993,0,2,0.5394027233123779
k_3,193,3,2.4474398311431287,0,2,0.7784655690193176
k_3,194,3,2.013501120842818,0,2,0.9933027625083923
k_3,195,3,2.4121969427760632,0,2,0.7989686131477356
k_3,196,3,3.329793857927143,1,4,0.6347508430480957
k_3,197,3,2.060227291442061,0,2,0.970045804977417
k_3,198,3,3.849237396414537,1,4,0.8719314932823181
k_3,199,3,3.5241443272534525,1,4,0.7058697938919067
k_6,0,6,6.934267442440614,2,8,0.7338554859161377
k_6,1,6,6.930291948751801,2,8,0.7328341007232666
k_6,2,6,7.499435826960507,2,8,0.8749376535415649
k_6,3,6,7.139133268326987,2,8,0.7849673628807068
k_6,4,6,7.96414218191876,2,8,0.9906466007232666
k_6,5,6,7.099913250473037,2,8,0.7752844095230103
k_6,6,6,7.507052320185721,2,8,0.8768361210823059
k_6,7,6,6.786097855052503,2,8,0.6969946622848511
k_6,8,6,7.437130226549925,2,8,0.859366774559021
k_6,9,6,7.179649951277497,2,8,0.7950818538665771
k_6,10,6,7.607028152378916,2,8,0.901699423789978
k_6,11,6,7.703050207367369,2,8,0.9257789850234985
k_6,12,6,7.535355543754122,2,8,0.8837847113609314
k_6,13,6,7.31396058570499,2,8,0.8286383152008057
k_6,14,6,6.576988766868453,2,8,0.6447268724441528
k_6,15,6,7.2729710818202875,2,8,0.8184099793434143
k_6,16,6,7.697347169087152,2,8,0.9243379235267639
k_6,17,6,6.777691285864421,2,8,0.6948492527008057
k_6,18,6,6.844195889138064,2,8,0.7113606929779053
k_6,19,6,6.330275615691789,2,8,0.5831316113471985
k_6,20,6,6.027450941845018,2,8,0.5075454115867615
k_6,21,6,7.328574991483038,2,8,0.8322824239730835
k_6,22,6,7.635754108117908,2,8,0.9089459776878357
k_6,23,6,7.043604396122646,2,8,0.7611215114593506
k_6,24,6,6.581619810944176,2,8,0.6457549333572388
k_6,25,6,7.443151861742081,2,8,0.860887885093689
k_6,26,6,7.383214519450121,2,8,0.845928966999054
k_6,27,6,7.4088612668529095,2,8,0.852302074432373
k_6,28,6,7.438447577985244,2,8,0.8596886396408081
k_6,29,6,7.582228363504328,2,8,0.8956054449081421
k_6,30,6,7.31350647104955,2,8,0.8284803628921509
k_6,31,6,7.5985748231996695,2,8,0.899660587310791
k_6,32,6,7.412671218025935,2,8,0.8532826900482178
k_6,33,6,7.201293143654766,2,8,0.8005525469779968
k_6,34,6,7.389619099003994,2,8,0.8475069999694824
k_6,35,6,7.38376379723195,2,8,0.8460310697555542
k_6,36,6,7.470421758544035,2,8,0.8676842451095581
k_6,37,6,7.254477348029468,2,8,0.8137804865837097
k_6,38,6,6.566461181578234,2,8,0.641975462436676
k_6,39,6,7.733756457962954,2,8,0.9334455132484436
k_6,40,6,6.403984446755203,2,8,0.6015875935554504
k_6,41,6,7.710942360004083,2,8,0.9277282953262329
k_6,42,6,6.917320317166741,2,8,0.7297632694244385
k_6,43,6,6.8134659191346145,2,8,0.7036489844322205
k_6,44,6,7.443543950579624,2,8,0.8609192371368408
k_6,45,6,6.42862591964149,2,8,0.6076786518096924
k_6,46,6,6.577188284449221,2,8,0.6448801159858704
k_6,47,6,7.228631242222036,2,8,0.8073676228523254
k_6,48,6,7.6220069782175415,2,8,0.9054518938064575
k_6,49,6,7.0202104902491556,2,8,0.755364179611206
k_6,50,6,7.426830942098604,2,8,0.8567550182342529
k_6,51,6,7.302767585060792,2,8,0.8258453607559204
k_6,52,6,6.868975567074813,2,8,0.7176107168197632
k_6,53,6,6.496810724542229,2,8,0.6246185898780823
k_6,54,6,7.086059481760458,2,8,0.7717609405517578
k_6,55,6,7.273980301610209,2,8,0.8186565041542053
k_6,56,6,7.025574211291314,2,8,0.7565855383872986
k_6,57,6,7.838290803752898,2,8,0.9594326019287109
k_6,58,6,7.623630291239351,2,8,0.9059316515922546
k_6,59,6,7.224574467243656,2,8,0.8063380122184753
k_6,60,6,7.623072279370717,2,8,0.9057935476303101
k_6,61,6,7.4598787415270635,2,8,0.8650535941123962
k_6,62,6,6.906617444303265,2,8,0.7270659804344177
k_6,63,6,7.088366170584777,2,8,0.7723439335823059
k_6,64,6,7.6093649984668446,2,8,0.9023553133010864
k_6,65,6,7.368738739394757,2,8,0.8422917723655701
k_6,66,6,7.596580372945027,2,8,0.8991161584854126
k_6,67,6,7.160775434727839,2,8,0.7903742790222168
k_6,68,6,7.632721451904217,2,8,0.9081966280937195
k_6,69,6,7.391771899400737,2,8,0.8480448126792908
k_6,70,6,6.679169203838683,2,8,0.6703455448150635
k_6,71,6,7.455781464665051,2,8,0.8639801740646362
k_6,72,6,7.237627849681303,2,8,0.809612512588501
k_6,73,6,7.034046687207592,2,8,0.758815348148346
k_6,74,6,5.902813635321763,1,4,0.5229172706604004
k_6,75,6,7.022356606388712,2,8,0.7558450698852539
k_6,76,6,6.959899990819395,2,8,0.7403367757797241
k_6,77,6,7.156234368063451,2,8,0.7892842888832092
k_6,78,6,7.4281799928548935,2,8,0.8571321368217468
k_6,79,6,6.925218601885717,2,8,0.7317194938659668
k_6,80,6,6.144920924194594,2,8,0.5368643999099731
k_6,81,6,6.26305341684656,2,8,0.5661234259605408
k_6,82,6,7.303113400143047,2,8,0.8259259462356567
k_6,83,6,6.992136241407934,2,8,0.7483170628547668
k_6,84,6,7.0742807231854385,2,8,0.7688263654708862
k_6,85,6,7.00644380522499,2,8,0.7518460750579834
k_6,86,6,7.55512690764408,2,8,0.8888322114944458
k_6,87,6,6.693308983445604,2,8,0.6737863421440125
k_6,88,6,6.6133063768411375,2,8,0.6537060141563416
k_6,89,6,7.403452765209295,2,8,0.8509715795516968
k_6,90,6,7.10735131131878,2,8,0.7770984172821045
k_6,91,6,7.198017463805627,2,8,0.7996652126312256
k_6,92,6,7.397188476585143,2,8,0.849412202835083
k_6,93,6,7.622291092535306,2,8,0.9055200219154358
k_6,94,6,6.780863873418639,2,8,0.6954291462898254
k_6,95,6,7.18273910875746,2,8,0.7957976460456848
k_6,96,6,6.822841702654841,2,8,0.7062061429023743
k_6,97,6,7.436061536245688,2,8,0.8589860796928406
k_6,98,6,7.382446859770425,2,8,0.845717191696167
k_6,99,6,6.916225312642382,2,8,0.7293044328689575
k_6,100,6,6.330062967223057,2,8,0.5830951929092407
k_6,101,6,6.983516370517464,2,8,0.7461391687393188
k_6,102,6,7.494033242226578,2,8,0.8735023140907288
k_6,103,6,7.325597028911034,2,8,0.831529438495636
k_6,104,6,7.763276503344969,2,8,0.9406486749649048
k_6,105,6,7.314288913068594,2,8,0.8287137150764465
k_6,106,6,7.569908945657517,2,8,0.89243084192276
k_6,107,6,6.785021504832912,2,8,0.6965987682342529
k_6,108,6,7.339567534402704,2,8,0.8350141644477844
k_6,109,6,7.497132331299326,2,8,0.8743624687194824
k_6,110,6,7.837453733482107,2,8,0.9592726230621338
k_6,111,6,7.722926438707873,2,8,0.9306961894035339
k_6,112,6,7.437274502664877,2,8,0.8594082593917847
k_6,113,6,7.02004650933668,2,8,0.7553717494010925
k_6,114,6,6.5502894163291785,2,8,0.6382646560668945
k_6,115,6,6.727202203022898,2,8,0.6821457147598267
k_6,116,6,6.632194110587079,2,8,0.6584587097167969
k_6,117,6,6.661265488546633,2,8,0.665574312210083
k_6,118,6,7.4055638500685745,2,8,0.8514860272407532
k_6,119,6,7.42107825356652,2,8,0.8552572131156921
k_6,120,6,7.232213604595017,2,8,0.8082379698753357
k_6,121,6,7.452834002866439,2,8,0.8632796406745911
k_6,122,6,7.305621859984967,2,8,0.8265392184257507
k_6,123,6,7.556048920146168,2,8,0.8890647888183594
k_6,124,6,7.31865847291283,2,8,0.829793393611908
k_6,125,6,7.233093883951369,2,8,0.8084288239479065
k_6,126,6,7.354178840483655,2,8,0.8386511206626892
k_6,127,6,7.451105732714495,2,8,0.8628666996955872
k_6,128,6,7.357118878411711,2,8,0.8394132852554321
k_6,129,6,6.5900690471344205,2,8,0.6478639245033264
k_6,130,6,7.401689414262364,2,8,0.8505159020423889
k_6,131,6,7.4111035035020905,2,8,0.8528757691383362
k_6,132,6,7.427549517884472,2,8,0.856981098651886
k_6,133,6,6.097631315642502,2,8,0.5249266624450684
k_6,134,6,7.002441151798848,2,8,0.7508264183998108
k_6,135,6,6.984763760791793,2,8,0.7464017271995544
k_6,136,6,7.90338053049345,2,8,0.9753668308258057
k_6,137,6,7.356029852737265,2,8,0.8391357064247131
k_6,138,6,7.1872447001733235,2,8,0.7970272302627563
k_6,139,6,6.166802213056144,2,8,0.5422548055648804
k_6,140,6,7.474182399480924,2,8,0.8686224222183228
k_6,141,6,7.105645167861439,2,8,0.776637613773346
k_6,142,6,7.424656359351502,2,8,0.856223464012146
k_6,143,6,6.007232048013066,2,8,0.5021897554397583
k_6,144,6,7.102315218926378,2,8,0.7758190631866455
k_6,145,6,7.613349448773079,2,8,0.9033532738685608
k_6,146,6,7.009243216027244,2,8,0.7525533437728882
k_6,147,6,7.186445140978321,2,8,0.796805202960968
k_6,148,6,7.409478148591006,2,8,0.8524662256240845
k_6,149,6,7.131046040456567,2,8,0.7829698920249939
k_6,150,6,7.115588848697371,2,8,0.7791505455970764
k_6,151,6,7.05116689917304,2,8,0.7630184888839722
k_6,152,6,7.267778721252398,2,8,0.8171369433403015
k_6,153,6,7.589872853814086,2,8,0.8975185751914978
k_6,154,6,7.731013396817616,2,8,0.9327305555343628
k_6,155,6,6.843891846532642,2,8,0.7113848924636841
k_6,156,6,7.166337189881233,2,8,0.7917717695236206
k_6,157,6,7.1397660649890895,2,8,0.7851999998092651
k_6,158,6,6.330610333016011,2,8,0.5831501483917236
k_6,159,6,7.37841899151681,2,8,0.8447278738021851
k_6,160,6,6.999932507433186,2,8,0.7502527236938477
k_6,161,6,5.987015273596626,1,4,0.501106858253479
k_6,162,6,7.5215198308933395,2,8,0.8804439306259155
k_6,163,6,7.6171349329179066,2,8,0.9042942523956299
k_6,164,6,7.09886487406493,2,8,0.7748933434486389
k_6,165,6,7.640337631099101,2,8,0.9100568294525146
k_6,166,6,7.008144270082994,2,8,0.7523838877677917
k_6,167,6,7.491020087014476,2,8,0.8728300333023071
k_6,168,6,7.399979688612802,2,8,0.8501031398773193
k_6,169,6,6.314771207076774,2,8,0.5792586803436279
k_6,170,6,6.594388947230982,2,8,0.64896160364151
k_6,171,6,6.42808952339692,2,8,0.6077947616577148
k_6,172,6,7.4746241864413605,2,8,0.8687132596969604
k_6,173,6,7.423194156194768,2,8,0.8559094071388245
k_6,174,6,7.34838407416828,2,8,0.8372104167938232
k_6,175,6,7.144503889725456,2,8,0.7863435745239258
k_6,176,6,7.462912903800316,2,8,0.8656827807426453
k_6,177,6,7.484202432988241,2,8,0.8711143136024475
k_6,178,6,7.895903188916236,2,8,0.9738240242004395
k_6,179,6,7.766787365711934,2,8,0.9415859580039978
k_6,180,6,7.022903959317773,2,8,0.7560310959815979
k_6,181,6,6.720049945604842,2,8,0.6803117990493774
k_6,182,6,7.060439019653131,2,8,0.7653445601463318
k_6,183,6,7.8225929045220255,2,8,0.9554699659347534
k_6,184,6,7.693347455749972,2,8,0.9233460426330566
k_6,185,6,7.588693285674708,2,8,0.8972133994102478
k_6,186,6,7.636983845480245,2,8,0.9092720150947571
k_6,187,6,6.5866070328766,2,8,0.6469488143920898
k_6,188,6,7.123150411278402,2,8,0.7810064554214478
k_6,189,6,6.875673092272336,2,8,0.7192680239677429
k_6,190,6,6.472487938443919,2,8,0.6184817552566528
k_6,191,6,7.465543696643181,2,8,0.8664674758911133
k_6,192,6,7.475476805069775,2,8,0.8688982129096985
k_6,193,6,7.761750559760912,2,8,0.9404203295707703
k_6,194,6,7.2954706555610755,2,8,0.8240189552307129
k_6,195,6,7.313377459473486,2,8,0.8284826278686523
k_6,196,6,7.381644202288953,2,8,0.845526933670044
k_6,197,6,7.630371500052206,2,8,0.9076251983642578
k_6,198,6,6.797052662799615,2,8,0.699485182762146
k_6,199,6,5.872821104912873,1,4,0.5287244319915771
k_12,0,12,15.979127389501715,3,16,0.9972724318504333
k_12,1,12,15.80567154693735,3,16,0.9756121635437012
k_12,2,12,15.99633143872082,3,16,0.99940025806427
k_12,3,12,15.997663358856087,3,16,0.9995977878570557
k_12,4,12,15.991968211941291,3,16,0.9989271759986877
k_12,5,12,15.96215432022476,3,16,0.9952093362808228
k_12,6,12,15.997021208554594,3,16,0.9995278716087341
k_12,7,12,15.989839440172585,3,16,0.9986850619316101
k_12,8,12,15.991940229369405,3,16,0.9988349080085754
k_12,9,12,15.990632113306733,3,16,0.9986588954925537
k_12,10,12,15.998745818992946,3,16,0.9997252821922302
k_12,11,12,15.995584065739969,3,16,0.9994051456451416
k_12,12,12,15.992828628704059,3,16,0.9990556836128235
k_12,13,12,15.98662810753048,3,16,0.9981698989868164
k_12,14,12,15.992909594696593,3,16,0.9990401864051819
k_12,15,12,15.978726158783523,3,16,0.9972438812255859
k_12,16,12,15.993722873511311,3,16,0.9990755319595337
k_12,17,12,15.998540761569389,3,16,0.9997594952583313
k_12,18,12,15.992395459331268,3,16,0.9989914298057556
k_12,19,12,15.98462110350686,3,16,0.9979852437973022
k_12,20,12,15.99970874264953,3,16,0.9998992681503296
k_12,21,12,15.99848683099891,3,16,0.9997641444206238
k_12,22,12,15.99660837856839,3,16,0.99952232837677
k_12,23,12,15.995985411845519,3,16,0.9993909597396851
k_12,24,12,15.995675479096644,3,16,0.9993401169776917
k_12,25,12,15.996693529774301,3,16,0.9994897842407227
k_12,26,12,15.996003364022219,3,16,0.9994354844093323
k_12,27,12,15.989591923755837,3,16,0.9985620379447937
k_12,28,12,15.980237397802496,3,16,0.9974874258041382
k_12,29,12,15.983392708755815,3,16,0.9978674650192261
k_12,30,12,15.99291258573779,3,16,0.9989761710166931
k_12,31,12,15.993200812152828,3,16,0.9990805387496948
k_12,32,12,15.996294064454867,3,16,0.9994258284568787
k_12,33,12,13.512289491355657,3,16,0.6889382004737854
k_12,34,12,15.986085514655288,3,16,0.9982154965400696
k_12,35,12,15.995335692254251,3,16,0.9993337988853455
k_12,36,12,15.992903725567462,3,16,0.9990774393081665
k_12,37,12,15.997307948362904,3,16,0.9995115995407104
k_12,38,12,15.99788105847739,3,16,0.9996404647827148
k_12,39,12,15.990970339961832,3,16,0.998752236366272
k_12,40,12,15.999725695910737,3,16,0.9998940229415894
k_12,41,12,15.994015290032348,3,16,0.9992067813873291
k_12,42,12,15.98409616898005,3,16,0.9979410767555237
k_12,43,12,15.962890879561343,3,16,0.995296835899353
k_12,44,12,15.993047046297365,3,16,0.9990418553352356
k_12,45,12,15.990241546522508,3,16,0.9986568689346313
k_12,46,12,15.994180239023033,3,16,0.9991834759712219
k_12,47,12,15.994825735790009,3,16,0.9992978572845459
k_12,48,12,15.987471535211952,3,16,0.9983358383178711
k_12,49,12,15.995681999640668,3,16,0.9993914365768433
k_12,50,12,15.99045986323393,3,16,0.9987385869026184
k_12,51,12,15.989744580697877,3,16,0.9986383318901062
k_12,52,12,15.998616814342896,3,16,0.999765932559967
k_12,53,12,15.988722947833148,3,16,0.998524010181427
k_12,54,12,15.86385037593754,3,16,0.9828850030899048
k_12,55,12,15.994025448447596,3,16,0.9991825222969055
k_12,56,12,15.991758813511234,3,16,0.9989147186279297
k_12,57,12,15.999595533825055,3,16,0.9998996257781982
k_12,58,12,15.994920458186591,3,16,0.9993302226066589
k_12,59,12,15.973780956781486,3,16,0.9966505169868469
k_12,60,12,15.984976816317765,3,16,0.9980212450027466
k_12,61,12,15.989101291166213,3,16,0.998492956161499
k_12,62,12,15.992347227553775,3,16,0.9989756941795349
k_12,63,12,15.994384521052535,3,16,0.9992210865020752
k_12,64,12,15.994567731167018,3,16,0.9992490410804749
k_12,65,12,15.9595994570394,3,16,0.9948827624320984
k_12,66,12,15.999190696797873,3,16,0.9997857809066772
k_12,67,12,15.985344918972173,3,16,0.9980548024177551
k_12,68,12,15.996343519010944,3,16,0.9993934631347656
k_12,69,12,15.976613985022214,3,16,0.9970160722732544
k_12,70,12,15.993116121414298,3,16,0.9990575909614563
k_12,71,12,15.998376555197568,3,16,0.9996876120567322
k_12,72,12,15.996527017900336,3,16,0.9994897842407227
k_12,73,12,15.984373485638146,3,16,0.9979614019393921
k_12,74,12,15.995676334835178,3,16,0.9993805885314941
k_12,75,12,15.983383808684755,3,16,0.9978330731391907
k_12,76,12,15.959632593155998,3,16,0.9948691129684448
k_12,77,12,15.998472368886247,3,16,0.9997332692146301
k_12,78,12,15.998399744241025,3,16,0.999711811542511
k_12,79,12,15.994950985429611,3,16,0.9993351101875305
k_12,80,12,15.991986316009264,3,16,0.9988946914672852
k_12,81,12,15.871286525156176,3,16,0.9838007092475891
k_12,82,12,15.985068024610415,3,16,0.9980176687240601
k_12,83,12,15.990124794668896,3,16,0.9987016916275024
k_12,84,12,15.979091504341653,3,16,0.9973068237304688
k_12,85,12,15.992494292808656,3,16,0.9989833235740662
k_12,86,12,15.993991473987085,3,16,0.9992078542709351
k_12,87,12,15.999417016478455,3,16,0.9998160600662231
k_12,88,12,15.996891079027785,3,16,0.9995213747024536
k_12,89,12,15.989420282947107,3,16,0.9986165761947632
k_12,90,12,15.995904252169609,3,16,0.9994043111801147
k_12,91,12,15.998517849418922,3,16,0.9997758865356445
k_12,92,12,15.990772469520062,3,16,0.9987804293632507
k_12,93,12,15.993969471840805,3,16,0.9992085695266724
k_12,94,12,15.977818859911764,3,16,0.9971795082092285
k_12,95,12,15.97785739023976,3,16,0.9971803426742554
k_12,96,12,15.986981446382813,3,16,0.9982858300209045
k_12,97,12,15.992623617357983,3,16,0.9989614486694336
k_12,98,12,15.995295737970052,3,16,0.999347984790802
k_12,99,12,15.988265850469011,3,16,0.998447060585022
k_12,100,12,15.998993972060502,3,16,0.9997817277908325
k_12,101,12,15.995033912632714,3,16,0.9992428421974182
k_12,102,12,15.993021222538305,3,16,0.9989832043647766
k_12,103,12,15.997079354379293,3,16,0.9995830655097961
k_12,104,12,15.997858184178364,3,16,0.9996236562728882
k_12,105,12,15.963683852058237,3,16,0.9953137636184692
k_12,106,12,15.973296767263701,3,16,0.996575653553009
k_12,107,12,15.990905516765816,3,16,0.9988008737564087
k_12,108,12,15.9985495611716,3,16,0.9997552037239075
k_12,109,12,15.981187333238507,3,16,0.9975525736808777
k_12,110,12,15.999260079358391,3,16,0.9998645782470703
k_12,111,12,15.997052953268204,3,16,0.9995539784431458
k_12,112,12,15.990168900097766,3,16,0.9986932873725891
k_12,113,12,15.999050027659463,3,16,0.9997125267982483
k_12,114,12,15.993455509585477,3,16,0.9991129040718079
k_12,115,12,15.999279433385448,3,16,0.9998239278793335
k_12,116,12,15.998153569748458,3,16,0.9996858239173889
k_12,117,12,15.99516773309645,3,16,0.9992876052856445
k_12,118,12,15.994796894414948,3,16,0.9992707371711731
k_12,119,12,15.94586035390427,3,16,0.9930781722068787
k_12,120,12,15.98965277382452,3,16,0.9986240863800049
k_12,121,12,15.985304933069772,3,16,0.9980767965316772
k_12,122,12,15.96964849617512,3,16,0.9961411356925964
k_12,123,12,15.99604424183114,3,16,0.9993821382522583
k_12,124,12,15.987173205292189,3,16,0.9981891512870789
k_12,125,12,15.997745109946106,3,16,0.9996416568756104
k_12,126,12,15.999307289710105,3,16,0.9998477697372437
k_12,127,12,15.995502088969378,3,16,0.9993715286254883
k_12,128,12,15.990573518061092,3,16,0.998722493648529
k_12,129,12,15.988519778720331,3,16,0.9984869956970215
k_12,130,12,15.999604402261758,3,16,0.9998941421508789
k_12,131,12,15.974447159839736,3,16,0.9967523217201233
k_12,132,12,15.995503836370773,3,16,0.999370813369751
k_12,133,12,16.000067033212915,3,16,0.9998472929000854
k_12,134,12,15.997861116784943,3,16,0.999664306640625
k_12,135,12,15.999285392267698,3,16,0.9998189210891724
k_12,136,12,15.962105415848212,3,16,0.9951798319816589
k_12,137,12,15.991831130178523,3,16,0.9989280104637146
k_12,138,12,15.993859659314602,3,16,0.9991486072540283
k_12,139,12,15.944007219796504,3,16,0.9929248094558716
k_12,140,12,15.993924725990844,3,16,0.9991688132286072
k_12,141,12,15.973700682296814,3,16,0.9966316819190979
k_12,142,12,15.990856549568559,3,16,0.9987775683403015
k_12,143,12,15.988854710973818,3,16,0.9985195994377136
k_12,144,12,15.996669020994737,3,16,0.9994938373565674
k_12,145,12,15.98710558425184,3,16,0.9983330368995667
k_12,146,12,15.997001378130118,3,16,0.99953693151474
k_12,147,12,15.994397329857694,3,16,0.9991598129272461
k_12,148,12,15.978451576901984,3,16,0.9972219467163086
k_12,149,12,15.995419341913214,3,16,0.9993477463722229
k_12,150,12,15.992969783653976,3,16,0.9990178346633911
k_12,151,12,15.988634606349255,3,16,0.9985049962997437
k_12,152,12,15.98027343859111,3,16,0.9974474310874939
k_12,153,12,15.995860334304,3,16,0.9994177222251892
k_12,154,12,15.993147025367383,3,16,0.9990647435188293
k_12,155,12,15.994644384766888,3,16,0.9992006421089172
k_12,156,12,15.996145309989114,3,16,0.9994505047798157
k_12,157,12,15.99198515391337,3,16,0.9989187121391296
k_12,158,12,15.990046930660922,3,16,0.998703122138977
k_12,159,12,15.999063344397479,3,16,0.9998116493225098
k_12,160,12,15.985006788212623,3,16,0.9980496168136597
k_12,161,12,15.98125037029502,3,16,0.9976069927215576
k_12,162,12,15.992432495102495,3,16,0.9989871382713318
k_12,163,12,15.994595380250718,3,16,0.9992484450340271
k_12,164,12,15.999186218692493,3,16,0.999819278717041
k_12,165,12,15.995839492338426,3,16,0.9994314312934875
k_12,166,12,15.99879897055947,3,16,0.9997641444206238
k_12,167,12,15.996817371291447,3,16,0.9994999170303345
k_12,168,12,15.988035841172767,3,16,0.9984343647956848
k_12,169,12,16.000613410531454,3,16,0.9999377727508545
k_12,170,12,15.983422378757567,3,16,0.9978158473968506
k_12,171,12,15.985124465211516,3,16,0.998038113117218
k_12,172,12,15.998265265474233,3,16,0.9997255206108093
k_12,173,12,15.998534036993371,3,16,0.999736487865448
k_12,174,12,15.998359022286813,3,16,0.9997151494026184
k_12,175,12,15.970286965714907,3,16,0.9962018132209778
k_12,176,12,15.93217806590238,3,16,0.9914725422859192
k_12,177,12,15.99685524739065,3,16,0.9995046854019165
k_12,178,12,15.997403090961367,3,16,0.9995244145393372
k_12,179,12,15.998609415901788,3,16,0.9997924566268921
k_12,180,12,15.999411532289457,3,16,0.9997820854187012
k_12,181,12,15.991875110073948,3,16,0.9989215731620789
k_12,182,12,15.99347283208352,3,16,0.999036967754364
k_12,183,12,15.99457424961679,3,16,0.9992777109146118
k_12,184,12,15.99989130572149,3,16,0.9999347925186157
k_12,185,12,15.994488796756029,3,16,0.9992626309394836
k_12,186,12,15.980065342460852,3,16,0.9974398612976074
k_12,187,12,15.989912252019124,3,16,0.9986617565155029
k_12,188,12,15.999395777300617,3,16,0.9998008012771606
k_12,189,12,15.995341958329481,3,16,0.9993184804916382
k_12,190,12,15.988792847146716,3,16,0.9985253810882568
k_12,191,12,15.986308794955578,3,16,0.9982059001922607
k_12,192,12,15.999054415286512,3,16,0.9998277425765991
k_12,193,12,15.99601980596632,3,16,0.9993734359741211
k_12,194,12,15.966875799889301,3,16,0.995788037776947
k_12,195,12,15.973571994789662,3,16,0.9966031312942505
k_12,196,12,15.99360377900521,3,16,0.9991176724433899
k_12,197,12,15.821893506622171,3,16,0.9776629209518433
k_12,198,12,15.998332692755598,3,16,0.9997355341911316
k_12,199,12,15.993395449304925,3,16,0.9990949630737305
k_24,0,24,31.9995529029849,4,32,0.9999721050262451
k_24,1,24,31.999569370540783,4,32,0.9999730587005615
k_24,2,24,31.999582147182853,4,32,0.9999738931655884
k_24,3,24,31.999242988608106,4,32,0.9999526739120483
k_24,4,24,31.999691903125978,4,32,0.9999806880950928
k_24,5,24,31.999705382592325,4,32,0.9999816417694092
k_24,6,24,31.999828789333073,4,32,0.9999892711639404
k_24,7,24,31.999416973222363,4,32,0.9999635219573975
k_24,8,24,31.998265829257633,4,32,0.9998916387557983
k_24,9,24,31.999169884794618,4,32,0.9999481439590454
k_24,10,24,31.99923635075202,4,32,0.9999523162841797
k_24,11,24,31.998034892524153,4,32,0.9998772144317627
k_24,12,24,31.999242503597173,4,32,0.9999526739120483
k_24,13,24,31.999862674640905,4,32,0.9999914169311523
k_24,14,24,31.999080159457648,4,32,0.9999425411224365
k_24,15,24,31.997725510490675,4,32,0.9998579025268555
k_24,16,24,31.99933929796572,4,32,0.9999587535858154
k_24,17,24,31.999579200978733,4,32,0.9999736547470093
k_24,18,24,31.999542223945006,4,32,0.9999713897705078
k_24,19,24,31.999531072180062,4,32,0.9999706745147705
k_24,20,24,31.999907894757555,4,32,0.9999942779541016
k_24,21,24,31.999584411236327,4,32,0.9999740123748779
k_24,22,24,31.999557196720747,4,32,0.9999723434448242
k_24,23,24,31.99981534453151,4,32,0.9999884366989136
k_24,24,24,31.99950237546159,4,32,0.9999688863754272
k_24,25,24,31.999756424610464,4,32,0.9999847412109375
k_24,26,24,31.999321470210756,4,32,0.9999575614929199
k_24,27,24,31.99973644516398,4,32,0.999983549118042
k_24,28,24,31.999828276155206,4,32,0.9999892711639404
k_24,29,24,31.999739616797175,4,32,0.9999836683273315
k_24,30,24,31.999551428272632,4,32,0.9999719858169556
k_24,31,24,31.999799729826133,4,32,0.9999874830245972
k_24,32,24,31.995742930082123,4,32,0.9997339844703674
k_24,33,24,31.999527286776424,4,32,0.9999704360961914
k_24,34,24,31.99972960023639,4,32,0.9999830722808838
k_24,35,24,31.999841294165776,4,32,0.9999901056289673
k_24,36,24,31.999694399948567,4,32,0.9999809265136719
k_24,37,24,31.999861126361264,4,32,0.9999912977218628
k_24,38,24,31.999467866863625,4,32,0.9999667406082153
k_24,39,24,31.99962599164143,4,32,0.999976634979248
k_24,40,24,31.999817551055916,4,32,0.9999885559082031
k_24,41,24,31.999767698971105,4,32,0.9999854564666748
k_24,42,24,31.99987589106893,4,32,0.9999922513961792
k_24,43,24,31.99945613846951,4,32,0.999966025352478
k_24,44,24,31.99887733655702,4,32,0.9999297857284546
k_24,45,24,31.999844809003097,4,32,0.9999903440475464
k_24,46,24,31.99973158216454,4,32,0.9999831914901733
k_24,47,24,31.998293711938615,4,32,0.9998934268951416
k_24,48,24,31.999512561920383,4,32,0.999969482421875
k_24,49,24,31.998673475807326,4,32,0.9999171495437622
k_24,50,24,31.999601384085647,4,32,0.9999750852584839
k_24,51,24,31.9994768390624,4,32,0.9999673366546631
k_24,52,24,31.99862680742143,4,32,0.9999141693115234
k_24,53,24,31.999882065519856,4,32,0.9999926090240479
k_24,54,24,31.999753852265194,4,32,0.999984622001648
k_24,55,24,31.999485105537293,4,32,0.9999678134918213
k_24,56,24,31.99977902608362,4,32,0.9999861717224121
k_24,57,24,31.999602776419803,4,32,0.9999752044677734
k_24,58,24,31.99992287325528,4,32,0.999995231628418
k_24,59,24,31.999839335011156,4,32,0.9999899864196777
k_24,60,24,31.999638118909562,4,32,0.9999773502349854
k_24,61,24,31.99558439171431,4,32,0.9997240900993347
k_24,62,24,31.996047136593177,4,32,0.999752938747406
k_24,63,24,31.999760364317066,4,32,0.9999849796295166
k_24,64,24,31.999567028646503,4,32,0.999972939491272
k_24,65,24,31.995225719743836,4,32,0.9997016787528992
k_24,66,24,31.999737458214973,4,32,0.999983549118042
k_24,67,24,31.99961295045769,4,32,0.9999758005142212
k_24,68,24,31.999593404684436,4,32,0.9999746084213257
k_24,69,24,31.99960714058765,4,32,0.9999754428863525
k_24,70,24,31.999863558945417,4,32,0.9999914169311523
k_24,71,24,31.997998217137585,4,32,0.9998749494552612
k_24,72,24,31.99967327687505,4,32,0.9999796152114868
k_24,73,24,31.998299218234052,4,32,0.9998936653137207
k_24,74,24,31.999316739919063,4,32,0.9999573230743408
k_24,75,24,31.99979184816867,4,32,0.999987006187439
k_24,76,24,31.998064888824334,4,32,0.9998791217803955
k_24,77,24,31.999569071820112,4,32,0.9999730587005615
k_24,78,24,31.99950782436362,4,32,0.9999692440032959
k_24,79,24,31.999686546707768,4,32,0.9999804496765137
k_24,80,24,31.998315654170497,4,32,0.9998947381973267
k_24,81,24,31.99982404253563,4,32,0.9999890327453613
k_24,82,24,31.99985959682568,4,32,0.9999911785125732
k_24,83,24,31.999663631400896,4,32,0.9999790191650391
k_24,84,24,31.999765471096403,4,32,0.9999853372573853
k_24,85,24,31.999696165634102,4,32,0.9999810457229614
k_24,86,24,31.998574127690468,4,32,0.999910831451416
k_24,87,24,31.999872772791292,4,32,0.9999920129776001
k_24,88,24,31.99948042748055,4,32,0.9999675750732422
k_24,89,24,31.99909010752896,4,32,0.9999431371688843
k_24,90,24,31.999670962792212,4,32,0.9999793767929077
k_24,91,24,31.99961855718521,4,32,0.9999761581420898
k_24,92,24,31.99924404010948,4,32,0.9999527931213379
k_24,93,24,31.998757506748014,4,32,0.9999223947525024
k_24,94,24,31.99906704615227,4,32,0.9999417066574097
k_24,95,24,31.999624748338633,4,32,0.9999765157699585
k_24,96,24,31.999664897771723,4,32,0.9999790191650391
k_24,97,24,31.999529108603596,4,32,0.999970555305481
k_24,98,24,31.997716803033107,4,32,0.9998573064804077
k_24,99,24,31.99709218227987,4,32,0.9998183250427246
k_24,100,24,31.999436450186884,4,32,0.9999648332595825
k_24,101,24,31.999497918065043,4,32,0.9999686479568481
k_24,102,24,31.999880938630966,4,32,0.9999926090240479
k_24,103,24,31.999693415336008,4,32,0.9999808073043823
k_24,104,24,31.999819249170844,4,32,0.9999886751174927
k_24,105,24,31.999726635071283,4,32,0.9999829530715942
k_24,106,24,31.99932015560982,4,32,0.9999575614929199
k_24,107,24,31.99965439304714,4,32,0.9999784231185913
k_24,108,24,31.999826915187114,4,32,0.9999891519546509
k_24,109,24,31.9996946196473,4,32,0.9999809265136719
k_24,110,24,31.999697128147893,4,32,0.9999810457229614
k_24,111,24,31.9990277450842,4,32,0.9999392032623291
k_24,112,24,31.99936336099705,4,32,0.99996018409729
k_24,113,24,31.99979715957701,4,32,0.9999873638153076
k_24,114,24,31.998552906518796,4,32,0.999909520149231
k_24,115,24,31.9998420795398,4,32,0.9999901056289673
k_24,116,24,31.999721368695894,4,32,0.9999825954437256
k_24,117,24,31.999885681405896,4,32,0.999992847442627
k_24,118,24,31.99883689220633,4,32,0.999927282333374
k_24,119,24,31.998908341798405,4,32,0.999931812286377
k_24,120,24,31.999367437985473,4,32,0.9999604225158691
k_24,121,24,31.999855547803985,4,32,0.9999909400939941
k_24,122,24,31.999616704302955,4,32,0.9999760389328003
k_24,123,24,31.999328960076586,4,32,0.9999580383300781
k_24,124,24,31.99983216058138,4,32,0.9999895095825195
k_24,125,24,31.99956761780086,4,32,0.999972939491272
k_24,126,24,31.999189073636103,4,32,0.9999493360519409
k_24,127,24,31.998906672993776,4,32,0.9999316930770874
k_24,128,24,31.999481627985375,4,32,0.9999675750732422
k_24,129,24,31.999885385313462,4,32,0.999992847442627
k_24,130,24,31.99950162204349,4,32,0.9999688863754272
k_24,131,24,31.999858134496023,4,32,0.9999911785125732
k_24,132,24,31.999702971666153,4,32,0.9999814033508301
k_24,133,24,31.99979521792735,4,32,0.9999872446060181
k_24,134,24,31.99973174438836,4,32,0.9999831914901733
k_24,135,24,31.999761478335287,4,32,0.9999850988388062
k_24,136,24,31.999616928236776,4,32,0.9999760389328003
k_24,137,24,31.999720758444948,4,32,0.9999825954437256
k_24,138,24,31.999331837726157,4,32,0.9999582767486572
k_24,139,24,31.999612994894015,4,32,0.9999758005142212
k_24,140,24,31.99978157512394,4,32,0.9999862909317017
k_24,141,24,31.99985091778792,4,32,0.999990701675415
k_24,142,24,31.999655252615945,4,32,0.9999784231185913
k_24,143,24,31.97509595742618,4,32,0.9984434247016907
k_24,144,24,31.999813553220974,4,32,0.999988317489624
k_24,145,24,31.999805357406355,4,32,0.9999878406524658
k_24,146,24,31.99921074470158,4,32,0.999950647354126
k_24,147,24,31.999354058703855,4,32,0.9999595880508423
k_24,148,24,31.999718885862237,4,32,0.999982476234436
k_24,149,24,31.999045354390557,4,32,0.9999403953552246
k_24,150,24,31.99973926223268,4,32,0.9999836683273315
k_24,151,24,31.999712847900852,4,32,0.9999819993972778
k_24,152,24,31.999549723175093,4,32,0.999971866607666
k_24,153,24,31.999717927088632,4,32,0.9999823570251465
k_24,154,24,31.999649271933,4,32,0.9999780654907227
k_24,155,24,31.999790664949266,4,32,0.9999868869781494
k_24,156,24,31.99944885092785,4,32,0.9999655485153198
k_24,157,24,31.999726819549192,4,32,0.9999829530715942
k_24,158,24,31.999327936824713,4,32,0.9999580383300781
k_24,159,24,31.999888011703607,4,32,0.9999929666519165
k_24,160,24,31.999185735492425,4,32,0.9999490976333618
k_24,161,24,31.999199731879916,4,32,0.9999499320983887
k_24,162,24,31.999632109496165,4,32,0.9999769926071167
k_24,163,24,31.999312358348163,4,32,0.9999569654464722
k_24,164,24,31.999030163554842,4,32,0.9999394416809082
k_24,165,24,31.999880848773515,4,32,0.9999926090240479
k_24,166,24,31.99940367854526,4,32,0.9999626874923706
k_24,167,24,31.99778182440395,4,32,0.9998613595962524
k_24,168,24,31.998651224983426,4,32,0.9999157190322876
k_24,169,24,31.999465471662077,4,32,0.9999666213989258
k_24,170,24,31.999571701435652,4,32,0.9999731779098511
k_24,171,24,31.999545952320037,4,32,0.9999716281890869
k_24,172,24,31.999625827104776,4,32,0.999976634979248
k_24,173,24,31.999624611419087,4,32,0.9999765157699585
k_24,174,24,31.9990571850144,4,32,0.9999411106109619
k_24,175,24,31.999765812986986,4,32,0.9999853372573853
k_24,176,24,31.999191329149532,4,32,0.9999494552612305
k_24,177,24,31.999446694945245,4,32,0.9999654293060303
k_24,178,24,31.99962712455948,4,32,0.9999767541885376
k_24,179,24,31.999072690329168,4,32,0.9999420642852783
k_24,180,24,31.999794461796675,4,32,0.9999871253967285
k_24,181,24,31.999811923539152,4,32,0.9999881982803345
k_24,182,24,31.999831087507708,4,32,0.99998939037323
k_24,183,24,31.99892818493874,4,32,0.9999330043792725
k_24,184,24,31.99953760957237,4,32,0.9999711513519287
k_24,185,24,31.999843537369042,4,32,0.9999902248382568
k_24,186,24,31.99953770089028,4,32,0.9999711513519287
k_24,187,24,31.999913803065144,4,32,0.9999946355819702
k_24,188,24,31.9997325949867,4,32,0.9999833106994629
k_24,189,24,31.99949923059559,4,32,0.9999686479568481
k_24,190,24,31.999623517150937,4,32,0.9999765157699585
k_24,191,24,31.999216745694817,4,32,0.9999510049819946
k_24,192,24,31.9991227963072,4,32,0.9999451637268066
k_24,193,24,31.999230290243688,4,32,0.9999518394470215
k_24,194,24,31.999689146605675,4,32,0.9999805688858032
k_24,195,24,31.9996952665772,4,32,0.9999809265136719
k_24,196,24,31.999829956804852,4,32,0.99998939037323
k_24,197,24,31.999686714500637,4,32,0.9999804496765137
k_24,198,24,31.99963256811763,4,32,0.9999769926071167
k_24,199,24,31.99830915353768,4,32,0.999894380569458
k_48,0,48,64.00000004509378,5,64,1.0
k_48,1,48,64.00000001157193,5,64,1.0
k_48,2,48,64.00000003866825,5,64,1.0
k_48,3,48,64.00000002949058,5,64,1.0
k_48,4,48,64.00000010888138,5,64,1.0
k_48,5,48,64.00000002303939,5,64,1.0
k_48,6,48,64.00000010450971,5,64,1.0
k_48,7,48,64.00000002754577,5,64,1.0
k_48,8,48,63.99999509680907,5,64,0.9999998807907104
k_48,9,48,64.00000010493383,5,64,1.0
k_48,10,48,64.00000002325267,5,64,1.0
k_48,11,48,64.00000005411707,5,64,1.0
k_48,12,48,64.00000007788896,5,64,1.0
k_48,13,48,64.00000002040338,5,64,1.0
k_48,14,48,64.00000004935993,5,64,1.0
k_48,15,48,64.00000014983289,5,64,1.0
k_48,16,48,64.00000003860379,5,64,1.0
k_48,17,48,64.00000001937879,5,64,1.0
k_48,18,48,64.00000002294672,5,64,1.0
k_48,19,48,64.00000003737756,5,64,1.0
k_48,20,48,64.00000003483039,5,64,1.0
k_48,21,48,63.9999976186039,5,64,0.9999998807907104
k_48,22,48,64.00000003352531,5,64,1.0
k_48,23,48,64.0000000114646,5,64,1.0
k_48,24,48,64.00000002418922,5,64,1.0
k_48,25,48,64.00000002719747,5,64,1.0
k_48,26,48,64.00000013652568,5,64,1.0
k_48,27,48,64.00000019571793,5,64,1.0
k_48,28,48,64.00000004968966,5,64,1.0
k_48,29,48,64.0000012749984,5,64,1.0
k_48,30,48,64.0000000362872,5,64,1.0
k_48,31,48,64.00000010853002,5,64,1.0
k_48,32,48,64.00000008902013,5,64,1.0
k_48,33,48,64.00000001231894,5,64,1.0
k_48,34,48,64.00000002361115,5,64,1.0
k_48,35,48,64.00000002613217,5,64,1.0
k_48,36,48,64.00000006406606,5,64,1.0
k_48,37,48,64.00000005606806,5,64,1.0
k_48,38,48,64.00000002529055,5,64,1.0
k_48,39,48,64.00000002950584,5,64,1.0
k_48,40,48,64.00000008975526,5,64,1.0
k_48,41,48,64.00000002801633,5,64,1.0
k_48,42,48,64.00000005331923,5,64,1.0
k_48,43,48,64.00000002582786,5,64,1.0
k_48,44,48,64.00000004437022,5,64,1.0
k_48,45,48,64.0000001625464,5,64,1.0
k_48,46,48,64.00000002042012,5,64,1.0
k_48,47,48,64.00000003609976,5,64,1.0
k_48,48,48,64.00000017427244,5,64,1.0
k_48,49,48,64.00000005012691,5,64,1.0
k_48,50,48,64.00000011851303,5,64,1.0
k_48,51,48,64.00000003014678,5,64,1.0
k_48,52,48,64.00000004722617,5,64,1.0
k_48,53,48,64.00000001139368,5,64,1.0
k_48,54,48,64.00000003230298,5,64,1.0
k_48,55,48,64.0000000758074,5,64,1.0
k_48,56,48,64.00000006525289,5,64,1.0
k_48,57,48,64.00000003150102,5,64,1.0
k_48,58,48,64.00000004830808,5,64,1.0
k_48,59,48,64.00000002829405,5,64,1.0
k_48,60,48,64.00000009003563,5,64,1.0
k_48,61,48,64.00000005301955,5,64,1.0
k_48,62,48,64.0000000239156,5,64,1.0
k_48,63,48,64.00000004965615,5,64,1.0
k_48,64,48,64.00000037995369,5,64,1.0
k_48,65,48,64.00000012762067,5,64,1.0
k_48,66,48,64.00000003838863,5,64,1.0
k_48,67,48,64.00000040606179,5,64,1.0
k_48,68,48,64.00000005231549,5,64,1.0
k_48,69,48,64.00000003638576,5,64,1.0
k_48,70,48,64.00000006964795,5,64,1.0
k_48,71,48,64.00000005710214,5,64,1.0
k_48,72,48,64.00000002626614,5,64,1.0
k_48,73,48,64.00000001792698,5,64,1.0
k_48,74,48,64.00000003263966,5,64,1.0
k_48,75,48,64.00000006825127,5,64,1.0
k_48,76,48,64.00000010958166,5,64,1.0
k_48,77,48,64.00000012770083,5,64,1.0
k_48,78,48,64.00000004293075,5,64,1.0
k_48,79,48,64.00000002319584,5,64,1.0
k_48,80,48,64.00000001830904,5,64,1.0
k_48,81,48,64.0000000172619,5,64,1.0
k_48,82,48,63.99999474907053,5,64,0.9999998807907104
k_48,83,48,64.00000003844707,5,64,1.0
k_48,84,48,64.00000002309378,5,64,1.0
k_48,85,48,64.00000003721331,5,64,1.0
k_48,86,48,64.00000037323879,5,64,1.0
k_48,87,48,64.000000118153,5,64,1.0
k_48,88,48,64.0000000152081,5,64,1.0
k_48,89,48,64.00000002613818,5,64,1.0
k_48,90,48,64.000000049794,5,64,1.0
k_48,91,48,64.0000000831781,5,64,1.0
k_48,92,48,64.00000005124627,5,64,1.0
k_48,93,48,64.00000184575109,5,64,1.0
k_48,94,48,64.00000002152674,5,64,1.0
k_48,95,48,64.0000000471669,5,64,1.0
k_48,96,48,64.0000000564823,5,64,1.0
k_48,97,48,64.00000006221873,5,64,1.0
k_48,98,48,64.00000010614353,5,64,1.0
k_48,99,48,64.0000000228729,5,64,1.0
k_48,100,48,64.00000001877493,5,64,1.0
k_48,101,48,64.00000001374836,5,64,1.0
k_48,102,48,64.00000004724191,5,64,1.0
k_48,103,48,64.00000005669244,5,64,1.0
k_48,104,48,64.00000026284229,5,64,1.0
k_48,105,48,64.00000002378182,5,64,1.0
k_48,106,48,64.00000020537027,5,64,1.0
k_48,107,48,64.00000001562401,5,64,1.0
k_48,108,48,64.00000069608005,5,64,1.0
k_48,109,48,64.00000005553454,5,64,1.0
k_48,110,48,64.00000023878961,5,64,1.0
k_48,111,48,64.00000002043701,5,64,1.0
k_48,112,48,64.00000003567455,5,64,1.0
k_48,113,48,64.00000105435406,5,64,1.0
k_48,114,48,64.00000002003121,5,64,1.0
k_48,115,48,64.00000002631134,5,64,1.0
k_48,116,48,64.00000002890256,5,64,1.0
k_48,117,48,64.00000002951789,5,64,1.0
k_48,118,48,64.00000009333422,5,64,1.0
k_48,119,48,64.0000000342591,5,64,1.0
k_48,120,48,64.00000004635748,5,64,1.0
k_48,121,48,64.00000003644892,5,64,1.0
k_48,122,48,64.00000005990827,5,64,1.0
k_48,123,48,64.00000001988882,5,64,1.0
k_48,124,48,64.00000002301707,5,64,1.0
k_48,125,48,64.00000006483953,5,64,1.0
k_48,126,48,64.00000008332141,5,64,1.0
k_48,127,48,64.00000001341303,5,64,1.0
k_48,128,48,64.00000016042195,5,64,1.0
k_48,129,48,64.00000004059302,5,64,1.0
k_48,130,48,64.00000011980919,5,64,1.0
k_48,131,48,64.00000108812058,5,64,1.0
k_48,132,48,64.00000006008214,5,64,1.0
k_48,133,48,64.00000003419616,5,64,1.0
k_48,134,48,64.00000002054816,5,64,1.0
k_48,135,48,64.00000149492683,5,64,1.0
k_48,136,48,64.00000003354059,5,64,1.0
k_48,137,48,64.00000102812575,5,64,1.0
k_48,138,48,64.0000003658523,5,64,1.0
k_48,139,48,64.00000001307016,5,64,1.0
k_48,140,48,64.00000003771606,5,64,1.0
k_48,141,48,64.00000005353583,5,64,1.0
k_48,142,48,64.00000003373063,5,64,1.0
k_48,143,48,64.00000004441284,5,64,1.0
k_48,144,48,64.00000016362512,5,64,1.0
k_48,145,48,64.00000064812834,5,64,1.0
k_48,146,48,64.00000001966785,5,64,1.0
k_48,147,48,64.00000006790187,5,64,1.0
k_48,148,48,64.00000002448445,5,64,1.0
k_48,149,48,64.0000000260609,5,64,1.0
k_48,150,48,64.00000044886336,5,64,1.0
k_48,151,48,64.0000000848632,5,64,1.0
k_48,152,48,63.99998373769992,5,64,0.9999995231628418
k_48,153,48,64.00000002280211,5,64,1.0
k_48,154,48,64.00000002965508,5,64,1.0
k_48,155,48,64.00000007098768,5,64,1.0
k_48,156,48,64.0000000644278,5,64,1.0
k_48,157,48,64.00000008329624,5,64,1.0
k_48,158,48,64.00000002883665,5,64,1.0
k_48,159,48,64.00000005951652,5,64,1.0
k_48,160,48,64.0000006945203,5,64,1.0
k_48,161,48,64.00000097801004,5,64,1.0
k_48,162,48,64.00000005003618,5,64,1.0
k_48,163,48,64.00000013578347,5,64,1.0
k_48,164,48,64.00000010138767,5,64,1.0
k_48,165,48,64.00000011650062,5,64,1.0
k_48,166,48,64.00000017587072,5,64,1.0
k_48,167,48,64.00000004988448,5,64,1.0
k_48,168,48,64.00000003701068,5,64,1.0
k_48,169,48,64.00000021103409,5,64,1.0
k_48,170,48,64.00000002171845,5,64,1.0
k_48,171,48,64.00000003819211,5,64,1.0
k_48,172,48,64.00000006168581,5,64,1.0
k_48,173,48,64.00000007857267,5,64,1.0
k_48,174,48,64.00000001230417,5,64,1.0
k_48,175,48,64.00000007585372,5,64,1.0
k_48,176,48,64.0000000360546,5,64,1.0
k_48,177,48,64.00000001610717,5,64,1.0
k_48,178,48,64.00000003673513,5,64,1.0
k_48,179,48,64.0000000195295,5,64,1.0
k_48,180,48,64.00000006649556,5,64,1.0
k_48,181,48,64.00000003004726,5,64,1.0
k_48,182,48,64.00000005712542,5,64,1.0
k_48,183,48,64.00000002367425,5,64,1.0
k_48,184,48,64.00000061099763,5,64,1.0
k_48,185,48,64.00000003044569,5,64,1.0
k_48,186,48,64.00000007339528,5,64,1.0
k_48,187,48,64.00000161248526,5,64,1.0
k_48,188,48,64.00000013907224,5,64,1.0
k_48,189,48,64.00000003330344,5,64,1.0
k_48,190,48,64.00000095520855,5,64,1.0
k_48,191,48,64.00000006698346,5,64,1.0
k_48,192,48,64.00000002843667,5,64,1.0
k_48,193,48,64.00000007492761,5,64,1.0
k_48,194,48,64.00000013213192,5,64,1.0
k_48,195,48,64.00000021444039,5,64,1.0
k_48,196,48,64.00000007944766,5,64,1.0
k_48,197,48,64.00000002056149,5,64,1.0
k_48,198,48,64.00000006020741,5,64,1.0
k_48,199,48,64.00000002824669,5,64,1.0
