epoch,loss,sparse_categorical_accuracy,val_loss,val_sparse_categorical_accuracy,learning_rate
1,0.4700559675693512,0.805476188659668,0.01355960126966238,1.0,9.999999747378752e-05
2,0.12390968203544617,0.9554761648178101,0.010097784921526909,1.0,9.999999747378752e-05
3,0.09005878865718842,0.9683333039283752,0.0009651841246522963,1.0,9.999999747378752e-05
4,0.11847102642059326,0.9692857265472412,0.002794240601360798,1.0,9.999999747378752e-05
5,0.06599880754947662,0.9788095355033875,0.00047786152572371066,1.0,9.999999747378752e-05
6,0.05338148772716522,0.9802380800247192,0.00010025074880104512,1.0,9.999999747378752e-05
7,0.037603192031383514,0.9871428608894348,0.00010625761206028983,1.0,4.999999873689376e-05
8,0.03573203086853027,0.9850000143051147,8.687550143804401e-05,1.0,4.999999873689376e-05
9,0.02897414192557335,0.9895238280296326,1.3556466456066119e-06,1.0,4.999999873689376e-05
10,0.026858147233724594,0.9919047355651855,9.013881026476156e-06,1.0,4.999999873689376e-05
11,0.020512903109192848,0.9930952191352844,1.2438224985089619e-05,1.0,4.999999873689376e-05
