epoch,learning_rate,loss,mae,val_loss,val_mae
0,9.999999747378752e-05,2.4666459560394287,2.898893117904663,2.925926446914673,3.334829807281494
1,9.999999747378752e-05,0.8901588320732117,1.3425437211990356,2.8357949256896973,3.235215663909912
2,9.999999747378752e-05,1.8779780864715576,2.3067193031311035,2.431540012359619,2.8624753952026367
3,9.999999747378752e-05,2.899284601211548,3.399284601211548,2.4531028270721436,2.889078378677368
4,9.999999747378752e-05,1.9496077299118042,2.3741416931152344,2.2599644660949707,2.668577194213867
5,9.999999747378752e-05,1.3805532455444336,1.8695544004440308,2.257845401763916,2.667468309402466
6,9.999999747378752e-05,2.0182697772979736,2.441833019256592,3.113192558288574,3.533088445663452
7,9.999999747378752e-05,1.2781014442443848,1.7305606603622437,3.1005325317382812,3.520404577255249
8,9.999999747378752e-05,1.795548915863037,2.2094922065734863,3.6891417503356934,4.141493320465088
9,4.999999873689376e-05,2.1751067638397217,2.6180922985076904,3.6390187740325928,4.090115070343018
10,4.999999873689376e-05,1.7717440128326416,2.1911797523498535,2.9340338706970215,3.395387649536133
11,4.999999873689376e-05,0.8956117033958435,1.2772290706634521,2.924349784851074,3.3856875896453857
12,2.499999936844688e-05,1.7155323028564453,2.1339056491851807,2.760848045349121,3.19465970993042
13,2.499999936844688e-05,0.4071377217769623,0.8334887623786926,2.7284507751464844,3.1565706729888916
14,2.499999936844688e-05,1.8543109893798828,2.275862693786621,1.597246766090393,1.988007664680481
15,2.499999936844688e-05,1.1798549890518188,1.5939279794692993,1.5984750986099243,1.9891939163208008
16,2.499999936844688e-05,1.8455736637115479,2.262678861618042,1.60114324092865,1.9931172132492065
17,2.499999936844688e-05,1.004869818687439,1.502357840538025,1.5949043035507202,1.984958291053772
18,2.499999936844688e-05,1.6544597148895264,2.070239305496216,2.4771952629089355,2.9270875453948975
19,2.499999936844688e-05,1.4561783075332642,1.8726133108139038,2.4758169651031494,2.9259278774261475
20,2.499999936844688e-05,1.7074140310287476,2.122051239013672,2.7804007530212402,3.201490640640259
21,1.249999968422344e-05,1.1820225715637207,1.6757583618164062,2.770550012588501,3.1920652389526367
22,1.249999968422344e-05,1.6927565336227417,2.1154398918151855,4.226037979125977,4.680478096008301
23,1.249999968422344e-05,1.0216931104660034,1.4384747743606567,4.2434492111206055,4.6990132331848145
24,6.24999984211172e-06,1.997839093208313,2.420741558074951,2.6041862964630127,3.0793464183807373
25,6.24999984211172e-06,3.4827849864959717,3.822559356689453,2.613847255706787,3.0893304347991943
26,6.24999984211172e-06,1.8322772979736328,2.2497124671936035,3.752268075942993,4.189032077789307
27,3.12499992105586e-06,0.8524594306945801,1.2450206279754639,3.747560739517212,4.184029579162598
